{"shape": [40, 13], "data": [0.15811388194561005, 0.22343440353870392, 0.22291748225688934, 0.22205685079097748, 0.22085383534431458, 0.21931025385856628, 0.217428520321846, 0.21521152555942535, 0.2126627117395401, 0.20978596806526184, 0.20658573508262634, 0.20306697487831116, 0.19923511147499084, 0.15811388194561005, 0.22205683588981628, 0.217428520321846, 0.20978595316410065, 0.19923512637615204, 0.18592223525047302, 0.17003193497657776, 0.15178444981575012, 0.13143278658390045, 0.10925903916358948, 0.08557061105966568, 0.06069592013955116, 0.03497980535030365, 0.15811388194561005, 0.21931025385856628, 0.20658573508262634, 0.18592225015163422, 0.15811388194561005, 0.12422926723957062, 0.08557061105966568, 0.04362351447343826, 0.0, -0.04362352564930916, -0.08557061851024628, -0.12422928214073181, -0.15811389684677124, 0.15811388194561005, 0.21521151065826416, 0.1906561255455017, 0.15178446471691132, 0.10151536017656326, 0.04362352192401886, -0.017543993890285492, -0.07739412784576416, -0.13143278658390045, -0.17560219764709473, -0.20658573508262634, -0.22205685079097748, -0.22085383534431458, 0.15811388194561005, 0.20978596806526184, 0.17003192007541656, 0.10925902426242828, 0.03497980907559395, -0.04362352192401886, -0.11683423817157745, -0.17560219764709473, -0.2126627117395401, -0.22343440353870392, -0.20658573508262634, -0.16419951617717743, -0.10151536762714386, 0.15811388194561005, 0.20306697487831116, 0.14522099494934082, 0.06069593504071236, -0.03497981280088425, -0.12422928214073181, -0.1906561255455017, -0.22205683588981628, -0.2126627117395401, -0.16419951617717743, -0.08557061105966568, 0.00877876952290535, 0.10151536762714386, 0.15811388194561005, 0.19509604573249817, 0.11683423817157745, 0.008778764866292477, -0.10151536762714386, -0.18592225015163422, -0.22291749715805054, -0.20306697487831116, -0.13143277168273926, -0.026282163336873055, 0.08557061851024628, 0.17560221254825592, 0.22085383534431458, 0.15811388194561005, 0.18592225015163422, 0.08557061105966568, -0.04362352937459946, -0.15811389684677124, -0.21931025385856628, -0.20658574998378754, -0.12422925233840942, 0.0, 0.12422928214073181, 0.20658573508262634, 0.21931025385856628, 0.15811388194561005, 0.15811388194561005, 0.17560219764709473, 0.052199967205524445, -0.09361516684293747, -0.19923511147499084, -0.21931025385856628, -0.14522099494934082, -0.008778756484389305, 0.13143278658390045, 0.21521154046058655, 0.20658573508262634, 0.10925903171300888, -0.03497981280088425, 0.15811388194561005, 0.16419948637485504, 0.017543984577059746, -0.13843363523483276, -0.22085383534431458, -0.18592223525047302, -0.052199967205524445, 0.10925903171300888, 0.2126627117395401, 0.20306697487831116, 0.08557061105966568, -0.07739412784576416, -0.19923512637615204, 0.15811388194561005, 0.15178446471691132, -0.017543988302350044, -0.17560219764709473, -0.22085383534431458, -0.12422926723957062, 0.05219997093081474, 0.19509603083133698, 0.2126627117395401, 0.09361517429351807, -0.08557061851024628, -0.20978595316410065, -0.19923511147499084, 0.15811388194561005, 0.13843360543251038, -0.052199967205524445, -0.20306697487831116, -0.19923512637615204, -0.04362352192401886, 0.14522100985050201, 0.22343440353870392, 0.13143277168273926, -0.060695916414260864, -0.20658573508262634, -0.19509603083133698, -0.034979820251464844, 0.15811388194561005, 0.12422926723957062, -0.08557061851024628, -0.21931025385856628, -0.15811388194561005, 0.04362352192401886, 0.20658573508262634, 0.18592225015163422, 0.0, -0.18592225015163422, -0.20658573508262634, -0.04362351447343826, 0.15811389684677124, 0.15811388194561005, 0.10925900191068649, -0.11683423817157745, -0.22343440353870392, -0.10151537507772446, 0.12422928214073181, 0.22291749715805054, 0.09361515939235687, -0.13143278658390045, -0.22205685079097748, -0.08557061105966568, 0.13843362033367157, 0.22085383534431458, 0.15811388194561005, 0.09361516684293747, -0.14522099494934082, -0.21521154046058655, -0.034979816526174545, 0.18592225015163422, 0.1906561255455017, -0.02628217078745365, -0.2126627117395401, -0.15178446471691132, 0.08557061851024628, 0.22343440353870392, 0.10151536017656326, 0.15811388194561005, 0.07739412784576416, -0.17003194987773895, -0.19509603083133698, 0.03497981280088425, 0.21931025385856628, 0.11683421581983566, -0.13843363523483276, -0.2126627117395401, -0.00877876952290535, 0.20658573508262634, 0.15178444981575012, -0.10151536762714386, 0.15811388194561005, 0.06069592759013176, -0.1906561255455017, -0.16419951617717743, 0.10151536762714386, 0.21931025385856628, 0.017543988302350044, -0.20978596806526184, -0.13143278658390045, 0.13843362033367157, 0.20658573508262634, -0.026282163336873055, -0.22085383534431458, 0.15811388194561005, 0.04362352192401886, -0.20658573508262634, -0.12422926723957062, 0.15811389684677124, 0.18592223525047302, -0.08557061105966568, -0.21931025385856628, -6.66400179483162e-09, 0.21931025385856628, 0.08557061105966568, -0.18592225015163422, -0.15811388194561005, 0.15811388194561005, 0.026282159611582756, -0.217428520321846, -0.07739412784576416, 0.19923511147499084, 0.12422926723957062, -0.17003194987773895, -0.16419950127601624, 0.13143278658390045, 0.19509606063365936, -0.08557061851024628, -0.21521154046058655, 0.03497981280088425, 0.15811388194561005, 0.008778764866292477, -0.22291749715805054, -0.026282155886292458, 0.22085383534431458, 0.04362352192401886, -0.2174285501241684, -0.06069590896368027, 0.2126627117395401, 0.07739412784576416, -0.20658573508262634, -0.09361515939235687, 0.19923512637615204, 0.15811388194561005, -0.008778762072324753, -0.22291748225688934, 0.026282161474227905, 0.22085383534431458, -0.04362352192401886, -0.217428520321846, 0.06069593504071236, 0.2126627117395401, -0.07739412784576416, -0.20658573508262634, 0.09361516684293747, 0.19923511147499084, 0.15811388194561005, -0.026282159611582756, -0.217428520321846, 0.07739412784576416, 0.19923512637615204, -0.12422928214073181, -0.17003193497657776, 0.16419951617717743, 0.13143278658390045, -0.19509603083133698, -0.08557061105966568, 0.21521154046058655, 0.03497980535030365, 0.15811388194561005, -0.04362352192401886, -0.20658573508262634, 0.12422928214073181, 0.15811388194561005, -0.18592225015163422, -0.08557061105966568, 0.21931025385856628, 0.0, -0.21931025385856628, 0.08557061851024628, 0.18592225015163422, -0.15811389684677124, 0.15811388194561005, -0.06069592759013176, -0.1906561255455017, 0.16419950127601624, 0.10151536017656326, -0.21931025385856628, 0.017543993890285492, 0.20978595316410065, -0.13143278658390045, -0.13843362033367157, 0.20658573508262634, 0.026282155886292458, -0.22085383534431458, 0.15811388194561005, -0.07739412784576416, -0.17003192007541656, 0.19509603083133698, 0.03497980907559395, -0.21931025385856628, 0.11683423817157745, 0.13843360543251038, -0.2126627117395401, 0.008778756484389305, 0.20658573508262634, -0.1517844796180725, -0.10151536017656326, 0.15811388194561005, -0.09361516684293747, -0.14522098004817963, 0.21521152555942535, -0.03497981280088425, -0.18592223525047302, 0.1906561255455017, 0.026282155886292458, -0.2126627117395401, 0.15178444981575012, 0.08557061105966568, -0.22343440353870392, 0.10151537507772446, 0.15811388194561005, -0.10925903171300888, -0.11683421581983566, 0.2234344184398651, -0.10151536762714386, -0.12422926723957062, 0.22291749715805054, -0.09361518919467926, -0.13143280148506165, 0.22205688059329987, -0.08557061851024628, -0.13843363523483276, 0.22085383534431458, 0.15811388194561005, -0.12422928214073181, -0.08557061105966568, 0.21931025385856628, -0.15811389684677124, -0.04362352192401886, 0.20658574998378754, -0.18592225015163422, -1.332800358966324e-08, 0.1859222650527954, -0.20658573508262634, 0.04362352937459946, 0.15811389684677124, 0.15811388194561005, -0.13843363523483276, -0.052199967205524445, 0.20306698977947235, -0.19923511147499084, 0.04362352192401886, 0.14522099494934082, -0.22343440353870392, 0.13143278658390045, 0.060695942491292953, 